EUBWID,label,samplePointID,yearDesignated,yearDedesignated,district,county,country,easting,northing,lat,long,seasonStartDate,seasonFinishDate,pollutionRiskForecasting,appointedSewerageUndertaker,stepChange,stepChangeDate
ukc1101-06000,Seaton Carew North,06000,1988,"",Hartlepool,"",England,452601,530257,54.66466849885708,-1.186040311789457,2026-05-15,2026-09-30,true,Northumbrian Water Limited,"",""
ukc1101-06100,Seaton Carew Centre,06100,1988,"",Hartlepool,"",England,452950,529732,54.65991462463847,-1.180725164551955,2026-05-15,2026-09-30,true,Northumbrian Water Limited,"",""
ukc1101-06200,Seaton Carew North Gare,06200,1988,"",Hartlepool,"",England,454000,528600,54.649631926600186,-1.164659079919262,2026-05-15,2026-09-30,true,Northumbrian Water Limited,"",""
ukc1202-06300,Redcar Coatham,06300,1988,"",Redcar and Cleveland,"",England,459400,525600,54.62207042887753,-1.081591150286448,2026-05-15,2026-09-30,false,Northumbrian Water Limited,"",""
ukc1202-06400,Redcar Lifeboat Station,06400,1988,"",Redcar and Cleveland,"",England,460748,525394,54.62005944833288,-1.060760245168095,2026-05-15,2026-09-30,true,Northumbrian Water Limited,"",""
ukc1202-06500,Redcar Granville,06500,1988,"",Redcar and Cleveland,"",England,461300,525100,54.61735121010068,-1.052274439805824,2026-05-15,2026-09-30,true,Northumbrian Water Limited,"",""
ukc1202-06600,Redcar Stray,06600,1988,"",Redcar and Cleveland,"",England,462500,523800,54.60552364856422,-1.033971487256716,2026-05-15,2026-09-30,false,Northumbrian Water Limited,"",""
ukc1202-06650,Marske Sands,06650,1992,"",Redcar and Cleveland,"",England,463600,523200,54.59999555445701,-1.0170751447538,2026-05-15,2026-09-30,true,Northumbrian Water Limited,"",""
ukc1202-06700,Saltburn,06700,1988,"",Redcar and Cleveland,"",England,466677,521775,54.58679597238242,-0.969778459729026,2026-05-15,2026-09-30,true,Northumbrian Water Limited,"",""
ukc1404-05700,Seaham Hall Beach,05700,1988,"",County Durham,"",England,442380,550825,54.85044887956588,-1.341494769532371,2026-05-15,2026-09-30,true,Northumbrian Water Limited,"",""
ukc1404-05800,Seaham Beach,05800,1988,"",County Durham,"",England,442600,550500,54.84750991362038,-1.338116445554125,2026-05-15,2026-09-30,true,Northumbrian Water Limited,"",""
ukc1404-05900,Crimdon,05900,1988,"",County Durham,"",England,448482,537268,54.72807976877461,-1.248729788380296,2026-05-15,2026-09-30,true,Northumbrian Water Limited,"",""
ukc2101-04000,Low Newton,04000,1988,"",Northumberland,"",England,424380,624450,55.513207709216196,-1.615516489199073,2026-05-15,2026-09-30,false,Northumbrian Water Limited,"",""
ukc2101-04200,Warkworth,04200,1988,"",Northumberland,"",England,425920,606429,55.35120750368777,-1.592797501571366,2026-05-15,2026-09-30,false,Northumbrian Water Limited,"",""
ukc2101-04250,Amble Links,04250,1991,"",Northumberland,"",England,428500,603600,55.32564590871283,-1.552397954526308,2026-05-15,2026-09-30,false,Northumbrian Water Limited,"",""
ukc2102-03600,Spittal,03600,1988,"",Northumberland,"",England,400800,651500,55.756856682381226,-1.988831300159957,2026-05-15,2026-09-30,true,Northumbrian Water Limited,"",""
ukc2102-03700,Bamburgh Castle,03700,1988,"",Northumberland,"",England,418500,635300,55.610951487599735,-1.707902922897897,2026-05-15,2026-09-30,false,Northumbrian Water Limited,"",""
ukc2102-03800,Seahouses North,03800,1988,"",Northumberland,"",England,421100,633000,55.59018054023254,-1.666807530612919,2026-05-15,2026-09-30,false,Northumbrian Water Limited,"",""
ukc2102-03900,Beadnell,03900,1988,"",Northumberland,"",England,423300,628400,55.548750892712384,-1.632288132669377,2026-05-15,2026-09-30,false,Northumbrian Water Limited,"",""
ukc2103-04600,Blyth South Beach,04600,1988,"",Northumberland,"",England,432200,579500,55.10887191552686,-1.496824471223949,2026-05-15,2026-09-30,true,Northumbrian Water Limited,"",""
ukc2103-04700,Seaton Sluice,04700,1988,"",Northumberland,"",England,433400,577100,55.08722766387016,-1.478296232612282,2026-05-15,2026-09-30,true,Northumbrian Water Limited,"",""
ukc2104-04280,Druridge Bay North,04280,2008,"",Northumberland,"",England,427500,599750,55.29110916206403,-1.568532719733309,2026-05-15,2026-09-30,false,Northumbrian Water Limited,"",""
ukc2104-04300,Druridge Bay South,04300,1988,"",Northumberland,"",England,429100,594100,55.2402505449666,-1.543920718052364,2026-05-15,2026-09-30,false,Northumbrian Water Limited,"",""
ukc2106-04400,Newbiggin North,04400,1988,"",Northumberland,"",England,431280,587900,55.18440846275651,-1.51032213701256,2026-05-15,2026-09-30,false,Northumbrian Water Limited,"",""
ukc2106-04500,Newbiggin South,04500,1988,"",Northumberland,"",England,431000,587280,55.17885507447854,-1.514786810240242,2026-05-15,2026-09-30,false,Northumbrian Water Limited,"",""
ukc2203-04800,Whitley Bay,04800,1988,"",North Tyneside,"",England,435550,572850,55.04889045289796,-1.445143727316345,2026-05-15,2026-09-30,false,Northumbrian Water Limited,"",""
ukc2203-04900,Tynemouth Cullercoats,04900,1988,"",North Tyneside,"",England,436465,571287,55.03478000872418,-1.431022555333661,2026-05-15,2026-09-30,true,Northumbrian Water Limited,"",""
ukc2203-05000,Tynemouth Long Sands North,05000,1988,"",North Tyneside,"",England,436619,570803,55.0304197376092,-1.428675063333903,2026-05-15,2026-09-30,false,Northumbrian Water Limited,"",""
ukc2203-05100,Tynemouth Long Sands South,05100,1988,"",North Tyneside,"",England,436970,570100,55.0240770277515,-1.423274938092462,2026-05-15,2026-09-30,false,Northumbrian Water Limited,"",""
ukc2203-05200,Tynemouth King Edwards Bay,05200,1988,"",North Tyneside,"",England,437248,569573,55.01932098156056,-1.418995258941081,2026-05-15,2026-09-30,false,Northumbrian Water Limited,"",""
ukc2204-05250,Littlehaven Beach,05250,2024,"",South Tyneside,"",England,437116,567928,55.00455,-1.42127,2026-05-15,2026-09-30,false,Northumbrian Water Limited,"",""
ukc2204-05300,South Shields,05300,1988,"",South Tyneside,"",England,437900,567400,54.99974636302765,-1.409085633008525,2026-05-15,2026-09-30,false,Northumbrian Water Limited,"",""
ukc2204-05400,Marsden,05400,1988,"",South Tyneside,"",England,440000,565000,54.97801732102611,-1.37659442703996,2026-05-15,2026-09-30,true,Northumbrian Water Limited,"",""
ukc2300-05500,Seaburn - Sunderland,05500,1988,"",Sunderland,"",England,440700,560500,54.937525686267996,-1.366294907696416,2026-05-15,2026-09-30,true,Northumbrian Water Limited,"",""
ukc2300-05600,Roker - Sunderland,05600,1988,"",Sunderland,"",England,440800,559190,54.9257461762398,-1.364919659939741,2026-05-15,2026-09-30,false,Northumbrian Water Limited,"",""
ukd1101-45800,Derwent Water at Crow Park,45800,2024,"",Cumberland,"",England,326300,522800,54.59499,-3.14218,2026-05-15,2026-09-30,false,United Utilities Water Limited,"",""
ukd1101-46000,Allonby South,46000,1988,2019,Cumberland,"",England,306339,539751,54.743966470666194,-3.456454235634952,2019-05-01,2019-09-30,true,United Utilities Water Limited,"",""
ukd1101-46100,Allonby,46100,1988,"",Cumberland,"",England,307800,542400,54.76803473787631,-3.434608476413831,2026-05-15,2026-09-30,true,United Utilities Water Limited,"",""
ukd1101-46300,Silloth,46300,1988,2018,Cumberland,"",England,309656,553195,54.86535118152018,-3.409142938951437,2017-05-01,2017-09-30,true,United Utilities Water Limited,"",""
ukd1102-44200,Walney Biggar Bank,44200,1988,"",Westmorland and Furness,"",England,317800,467300,54.0950172499533,-3.258361064821108,2026-05-15,2026-09-30,false,United Utilities Water Limited,"Step Change in water quality from 30/04/2013, due to improvements made to Water plc assets.",2013-04-30
ukd1102-44300,Walney Sandy Gap,44300,1988,"",Westmorland and Furness,"",England,317500,468100,54.102157318181,-3.263165688451287,2026-05-15,2026-09-30,false,United Utilities Water Limited,"Step Change in water quality from 30/04/2013, due to improvements made to Water plc assets.",2013-04-30
ukd1102-44400,Walney West Shore,44400,1988,"",Westmorland and Furness,"",England,316984,470183,54.120790258083154,-3.271628121287912,2026-05-15,2026-09-30,false,United Utilities Water Limited,"Step Change in water quality from 30/04/2013, due to improvements made to Water plc assets.",2013-04-30
ukd1103-44800,Haverigg,44800,1988,"",Cumberland,"",England,316000,477800,54.18907071697454,-3.288806054188797,2026-05-15,2026-09-30,true,United Utilities Water Limited,"Step Change in water quality from 30/04/2015, due to improvements made to Water plc assets.",2015-04-30
ukd1103-45200,Silecroft,45200,1988,"",Cumberland,"",England,312000,481200,54.218948132063815,-3.35108537499338,2026-05-15,2026-09-30,false,United Utilities Water Limited,"",""
ukd1103-45600,Seascale,45600,1988,"",Cumberland,"",England,303400,501000,54.395283881418386,-3.489340855778572,2026-05-15,2026-09-30,false,United Utilities Water Limited,"",""
ukd1103-45920,St Bees,45920,1988,"",Cumberland,"",England,295900,511700,54.48992806066554,-3.608570305633333,2026-05-15,2026-09-30,true,United Utilities Water Limited,"",""
ukd1203-45625,"Windermere, Lakeside YMCA",45625,1998,"",Westmorland and Furness,"",England,337528,489847,54.30040358552448,-2.961464279216157,2026-05-15,2026-09-30,false,United Utilities Water Limited,"",""
ukd1203-45650,"Windermere, Millerground Landing",45650,1998,"",Westmorland and Furness,"",England,340178,498749,54.380713971346744,-2.922541305375967,2026-05-15,2026-09-30,false,United Utilities Water Limited,"",""
ukd1203-45675,"Windermere, Rayrigg Meadow",45675,2015,"",Westmorland and Furness,"",England,340177,498465,54.3781618660443,-2.922499452360544,2026-05-15,2026-09-30,false,United Utilities Water Limited,"",""
ukd1203-45700,"Windermere, Fellfoot",45700,1998,"",Westmorland and Furness,"",England,337990,486960,54.274517826926775,-2.953765741222596,2026-05-15,2026-09-30,false,United Utilities Water Limited,"",""
ukd1230-45725,"Coniston Water, Brown Howe",45725,2024,"",Westmorland and Furness,"",England,329103,491187,54.31134,-3.09122,2026-05-15,2026-09-30,false,United Utilities Water Limited,"",""
ukd1230-45750,"Coniston Water, Boating Centre",45750,2024,"",Westmorland and Furness,"",England,330827,497017,54.36396,-3.06608,2026-05-15,2026-09-30,false,United Utilities Water Limited,"",""
ukd1230-45775,"Coniston Water, Monk Coniston",45775,2024,"",Westmorland and Furness,"",England,331602,497876,54.37179,-3.05435,2026-05-15,2026-09-30,false,United Utilities Water Limited,"",""
ukd4200-42100,Blackpool South,42100,1988,"",Blackpool,"",England,330326,433222,53.79064259107068,-3.059086159238381,2026-05-15,2026-09-30,true,United Utilities Water Limited,"Step Change in water quality from 05/05/2014, due to improvements made to Water plc assets.",2014-05-05
ukd4200-42300,Blackpool Central,42300,1988,"",Blackpool,"",England,330536,434556,53.80265842922889,-3.056200177794543,2026-05-15,2026-09-30,true,United Utilities Water Limited,"",""
ukd4200-42500,Blackpool North,42500,1988,"",Blackpool,"",England,330534,436055,53.81612859181931,-3.056569017332642,2026-05-15,2026-09-30,true,United Utilities Water Limited,"Step Change in water quality from 30/04/2015, due to improvements made to Water plc assets.",2015-04-30
ukd4200-42600,Bispham,42600,1988,"",Blackpool,"",England,330700,439700,53.84890576949986,-3.054869767619019,2026-05-15,2026-09-30,true,United Utilities Water Limited,"",""
ukd4303-41800,St Annes,41800,1988,"",Fylde,"",England,331491,428585,53.74912757964811,-3.040374437657318,2026-05-15,2026-09-30,true,United Utilities Water Limited,"Step Change in water quality from 05/05/2014, due to improvements made to Water plc assets.",2014-05-05
ukd4303-41900,St Annes North,41900,1988,"",Fylde,"",England,330816,429775,53.759732155265255,-3.050875569413882,2026-05-15,2026-09-30,true,United Utilities Water Limited,"Step Change in water quality from 05/05/2014, due to improvements made to Water plc assets.",2014-05-05
ukd4305-43260,Morecambe South,43260,1988,"",Lancaster,"",England,342746,464454,54.07282920213978,-2.876449196479144,2026-05-15,2026-09-30,true,United Utilities Water Limited,"",""
ukd4305-43550,Morecambe North,43550,1988,"",Lancaster,"",England,343781,464956,54.07745445944751,-2.860727733701429,2026-05-15,2026-09-30,true,United Utilities Water Limited,"",""
ukd4308-46501,River Ribble at Edisford Bridge,46501,2024,"",Ribble Valley,"",England,372658,441441,53.86847,-2.41728,2026-05-15,2026-09-30,false,United Utilities Water Limited,"",""
ukd4312-42800,Cleveleys,42800,1988,"",Wyre,"",England,331200,443300,53.88132297482882,-3.048077762204383,2026-05-15,2026-09-30,true,United Utilities Water Limited,"",""
ukd4312-43000,Fleetwood,43000,1988,"",Wyre,"",England,333120,448310,53.92659567671065,-3.019972502286207,2026-05-15,2026-09-30,true,United Utilities Water Limited,"Step Change in water quality from 30/04/2015, due to improvements made to Water plc assets.",2015-04-30
ukd5300-41200,Formby,41200,1988,"",Sefton,"",England,326800,406300,53.5482261646304,-3.106241432760207,2026-05-15,2026-09-30,false,United Utilities Water Limited,"",""
ukd5300-41300,Ainsdale,41300,1988,"",Sefton,"",England,329700,412900,53.60793515083233,-3.063969846000971,2026-05-15,2026-09-30,false,United Utilities Water Limited,"",""
ukd5300-41500,Southport,41500,1988,"",Sefton,"",England,332200,417900,53.65319869379517,-3.027283040613478,2026-05-15,2026-09-30,true,United Utilities Water Limited,"Step Change in water quality from 05/05/2014, due to improvements made to Water plc assets.",2014-05-05
ukd5400-40750,West Kirby,40750,1991,"",Wirral,"",England,320710,386621,53.37049628009628,-3.193165228018245,2026-05-15,2026-09-30,true,United Utilities Water Limited,"",""
ukd5400-40800,Meols,40800,1988,"",Wirral,"",England,323000,390600,53.40659375489932,-3.15972594419281,2026-05-15,2026-09-30,true,United Utilities Water Limited,"",""
ukd5400-40900,Moreton,40900,1988,"",Wirral,"",England,325700,391800,53.417765572885806,-3.119402914547438,2026-05-15,2026-09-30,true,United Utilities Water Limited,"",""
ukd5400-41000,Wallasey,41000,1988,"",Wirral,"",England,328526,393518,53.433595652453334,-3.077281007983427,2026-05-15,2026-09-30,false,United Utilities Water Limited,"",""
uke1200-07900,Flamborough South Landing,07900,1988,"",East Riding of Yorkshire,"",England,523124,469230,54.104251657488376,-0.118415393137514,2026-05-15,2026-09-30,false,Yorkshire Water Services Limited,"",""
uke1200-07950,"Danes Dyke, Flamborough",07950,1999,"",East Riding of Yorkshire,"",England,521592,469167,54.10404951925485,-0.141857991604335,2026-05-15,2026-09-30,false,Yorkshire Water Services Limited,"",""
uke1200-08000,Bridlington North Beach,08000,1988,"",East Riding of Yorkshire,"",England,518972,467175,54.08676707130436,-0.182688833790864,2026-05-15,2026-09-30,true,Yorkshire Water Services Limited,"Step Change in water quality from 31/03/2014, due to improvements made to Water plc assets.",2014-03-31
uke1200-08100,Bridlington South Beach,08100,1988,"",East Riding of Yorkshire,"",England,517948,466087,54.077228774938455,-0.198758284289504,2026-05-15,2026-09-30,true,Yorkshire Water Services Limited,"Step Change in water quality from 31/03/2014, due to improvements made to Water plc assets.",2014-03-31
uke1200-08200,Wilsthorpe,08200,1988,"",East Riding of Yorkshire,"",England,517407,464850,54.066240104944484,-0.207501208719827,2026-05-15,2026-09-30,true,Yorkshire Water Services Limited,"",""
uke1200-08300,Fraisthorpe,08300,1988,"",East Riding of Yorkshire,"",England,517030,462873,54.04856607390669,-0.214020385991274,2026-05-15,2026-09-30,true,Yorkshire Water Services Limited,"",""
uke1200-08600,Skipsea,08600,1988,"",East Riding of Yorkshire,"",England,518837,453277,53.96195146198696,-0.19017729503645,2026-05-15,2026-09-30,false,Yorkshire Water Services Limited,"",""
uke1200-08700,Hornsea,08700,1988,"",East Riding of Yorkshire,"",England,520923,448005,53.91410993995743,-0.160484521899418,2026-05-15,2026-09-30,false,Yorkshire Water Services Limited,"",""
uke1200-08800,Tunstall,08800,1988,2023,East Riding of Yorkshire,"",England,531960,431028,53.75892718098607,0.000160434958295,2022-05-01,2022-09-30,false,Yorkshire Water Services Limited,"",""
uke1200-08900,Withernsea,08900,1988,"",East Riding of Yorkshire,"",England,534413,427970,53.73083311626485,0.036014677995315,2026-05-15,2026-09-30,false,Yorkshire Water Services Limited,"",""
uke1301-09000,Cleethorpes,09000,1988,"",North East Lincolnshire,"",England,531109,408508,53.55685223189815,-0.022231183047955,2026-05-15,2026-09-30,true,Anglian Water Services Limited,"",""
uke1301-09020,Humberston Fitties,09020,2011,"",North East Lincolnshire,"",England,533204,406158,53.53521627679113,0.008374419031881,2026-05-15,2026-09-30,true,Anglian Water Services Limited,"",""
uke2203-08903,"Nidd at the Lido, Knaresborough",08903,2024,"",North Yorkshire,"",England,436058,455934,53.9982,-1.45145,2026-05-15,2026-09-30,false,Yorkshire Water Services Limited,"",""
uke2206-06800,Staithes,06800,1988,2016,North Yorkshire,"",England,478411,518828,54.55863739897089,-0.789035185297937,2015-05-01,2015-09-30,false,Yorkshire Water Services Limited,"",""
uke2206-06900,Runswick Bay,06900,1988,"",North Yorkshire,"",England,481072,515889,54.53181308435666,-0.748706406679334,2026-05-15,2026-09-30,false,Yorkshire Water Services Limited,"",""
uke2206-07000,Sandsend,07000,1988,"",North Yorkshire,"",England,486400,512600,54.50138423331686,-0.66735831817604,2026-05-15,2026-09-30,true,Yorkshire Water Services Limited,"",""
uke2206-07100,Whitby,07100,1988,"",North Yorkshire,"",England,489191,511576,54.49170190701437,-0.624582951581293,2026-05-15,2026-09-30,false,Yorkshire Water Services Limited,"",""
uke2206-07200,Robin Hoods Bay,07200,1988,"",North Yorkshire,"",England,495339,504850,54.43015948260695,-0.531866931933285,2026-05-15,2026-09-30,true,Yorkshire Water Services Limited,"",""
uke2206-07300,Scarborough North Bay,07300,1988,"",North Yorkshire,"",England,503769,489807,54.29337296091158,-0.407209250068013,2026-05-15,2026-09-30,false,Yorkshire Water Services Limited,"",""
uke2206-07400,Scarborough South Bay,07400,1988,"",North Yorkshire,"",England,504577,488564,54.28204183674201,-0.395234352981026,2026-05-15,2026-09-30,false,Yorkshire Water Services Limited,"Step Change in water quality from 31/03/2014, due to improvements made to Water plc assets.",2014-03-31
uke2206-07500,Cayton Bay,07500,1988,"",North Yorkshire,"",England,506775,484468,54.24479191783662,-0.362946628988699,2026-05-15,2026-09-30,false,Yorkshire Water Services Limited,"",""
uke2206-07600,Filey,07600,1988,"",North Yorkshire,"",England,512003,480524,54.20824693207295,-0.284226049497505,2026-05-15,2026-09-30,true,Yorkshire Water Services Limited,"",""
uke2206-07700,Reighton,07700,1988,"",North Yorkshire,"",England,514355,476227,54.16912811684886,-0.249812947593646,2026-05-15,2026-09-30,false,Yorkshire Water Services Limited,"",""
uke4100-08901,"Wharfe at Cromwheel, Ilkley",08901,2021,"",Bradford,"",England,412167,448432,53.93188669519488,-1.816182633584011,2026-05-15,2026-09-30,false,Yorkshire Water Services Limited,"",""
uke4200-08904,Wharfe at Wilderness Carpark,08904,2024,"",Leeds,"",England,440455,447997,53.92655,-1.38542,2026-05-15,2026-09-30,false,Yorkshire Water Services Limited,"",""
ukf1400-09750,Colwick Country Park (West Lake),09750,2013,"",City of Nottingham,"",England,460698,339020,52.94516380152393,-1.098153763924492,2026-05-15,2026-09-30,false,Severn Trent Water Limited,"",""
ukf2208-09701,Rutland Water Whitwell Creek,09701,2023,"",Rutland,"",England,492626,308188,52.663507,-0.631862,2026-05-15,2026-09-30,false,Anglian Water Services Limited,"",""
ukf2208-09702,Rutland Water Sykes Lane,09702,2023,"",Rutland,"",England,493892,308177,52.66320858080605,-0.61313993149942,2026-05-15,2026-09-30,false,Anglian Water Services Limited,"",""
ukf3102-09100,Mablethorpe Town,09100,1988,"",East Lindsey,"",England,550842,385416,53.34416062120259,0.26436524824349,2026-05-15,2026-09-30,false,Anglian Water Services Limited,"",""
ukf3102-09200,Sutton-on-Sea,09200,1988,"",East Lindsey,"",England,552242,382171,53.31461492256482,0.283819652889238,2026-05-15,2026-09-30,false,Anglian Water Services Limited,"",""
ukf3102-09300,Huttoft and Marsh Yard,09300,1988,"",East Lindsey,"",England,554698,377620,53.27302981010478,0.318439111596705,2026-05-15,2026-09-30,false,Anglian Water Services Limited,"",""
ukf3102-09400,Anderby,09400,1988,"",East Lindsey,"",England,555218,376164,53.25980121003406,0.325520422539733,2026-05-15,2026-09-30,false,Anglian Water Services Limited,"",""
ukf3102-09500,Chapel St Leonards,09500,1988,"",East Lindsey,"",England,556313,372177,53.22367175524304,0.339966925508284,2026-05-15,2026-09-30,true,Anglian Water Services Limited,"",""
ukf3102-09600,Ingoldmells,09600,1988,"",East Lindsey,"",England,557350,368900,53.193934454428074,0.35387206214699,2026-05-15,2026-09-30,true,Anglian Water Services Limited,"",""
ukf3102-09700,Skegness,09700,1988,"",East Lindsey,"",England,557243,363356,53.14417404168892,0.349548479360714,2026-05-15,2026-09-30,false,Anglian Water Services Limited,"",""
ukg2100-36070,River Severn at Ironbridge,36070,2024,"",Telford and Wrekin,"",England,366810,303620,52.62933,-2.49179,2026-05-15,2026-09-30,false,Severn Trent Water Limited,"",""
ukg2200-36060,River Teme in Ludlow,36060,2024,"",Shropshire,"",England,350706,274511,52.36643,-2.72537,2026-05-15,2026-09-30,false,Severn Trent Water Limited,"",""
ukg2200-36071,River Severn in Shrewsbury,36071,2024,"",Shropshire,"",England,348974,312792,52.710372,-2.7567062,2026-05-15,2026-09-30,false,Severn Trent Water Limited,"",""
ukh1201-09801,"Sheep's Green, River Cam",09801,2024,"",Cambridge,"",England,544777,257425,52.19607,0.11683,2026-05-15,2026-09-30,false,Anglian Water Services Limited,"",""
ukh1303-10325,Hemsby,10325,1991,"",Great Yarmouth,"",England,650793,317301,52.69528452004281,1.710110760866245,2026-05-15,2026-09-30,false,Anglian Water Services Limited,"",""
ukh1303-10350,Caister Point,10350,1991,"",Great Yarmouth,"",England,652922,311945,52.64624926810105,1.737438207333146,2026-05-15,2026-09-30,false,Anglian Water Services Limited,"",""
ukh1303-10400,Great Yarmouth North,10400,1988,"",Great Yarmouth,"",England,653361,310410,52.63227449529552,1.742735668548983,2026-05-15,2026-09-30,false,Anglian Water Services Limited,"",""
ukh1303-10500,Great Yarmouth Pier,10500,1988,"",Great Yarmouth,"",England,653300,307400,52.605300795637355,1.739531699977325,2026-05-15,2026-09-30,false,Anglian Water Services Limited,"",""
ukh1303-10600,Great Yarmouth South,10600,1988,"",Great Yarmouth,"",England,653300,306400,52.596329942449074,1.738766857115263,2026-05-15,2026-09-30,false,Anglian Water Services Limited,"",""
ukh1303-10650,Gorleston Beach,10650,1991,"",Great Yarmouth,"",England,653096,303434,52.569817190589475,1.73349731928401,2026-05-15,2026-09-30,false,Anglian Water Services Limited,"",""
ukh1304-09800,Heacham,09800,1988,"",King's Lynn and West Norfolk,"",England,566300,337500,52.90921846864188,0.471523847450913,2026-05-15,2026-09-30,true,Anglian Water Services Limited,"",""
ukh1304-09850,Hunstanton Main Beach,09850,1996,"",King's Lynn and West Norfolk,"",England,567020,340600,52.93683650219976,0.48381224712594,2026-05-15,2026-09-30,true,Anglian Water Services Limited,"",""
ukh1304-09900,Hunstanton (Old Hunstanton),09900,1988,"",King's Lynn and West Norfolk,"",England,567800,342500,52.95365719192685,0.496388660943862,2026-05-15,2026-09-30,true,Anglian Water Services Limited,"",""
ukh1305-10000,Wells,10000,1988,"",North Norfolk,"",England,591400,345600,52.9735988523048,0.84908086480549,2026-05-15,2026-09-30,true,Anglian Water Services Limited,"",""
ukh1305-10100,Sheringham,10100,1988,"",North Norfolk,"",England,615665,343545,52.945955107765705,1.20851236475474,2026-05-15,2026-09-30,false,Anglian Water Services Limited,"",""
ukh1305-10125,West Runton,10125,2016,"",North Norfolk,"",England,618660,343207,52.94171092852974,1.252784566705983,2026-05-15,2026-09-30,false,Anglian Water Services Limited,"",""
ukh1305-10150,East Runton,10150,2010,"",North Norfolk,"",England,620242,342763,52.93708002216914,1.275985967187263,2026-05-15,2026-09-30,false,Anglian Water Services Limited,"",""
ukh1305-10200,Cromer,10200,1988,"",North Norfolk,"",England,622025,342339,52.93254114631521,1.302181256100388,2026-05-15,2026-09-30,false,Anglian Water Services Limited,"",""
ukh1305-10300,Mundesley,10300,1988,"",North Norfolk,"",England,631700,336600,52.87696084494732,1.441775726252517,2026-05-15,2026-09-30,false,Anglian Water Services Limited,"",""
ukh1305-10310,Sea Palling,10310,2002,"",North Norfolk,"",England,643090,327540,52.790656743151374,1.603939806618614,2026-05-15,2026-09-30,false,Anglian Water Services Limited,"",""
ukh1401-11051,"Friars Meadow, River Stour",11051,2024,"",Babergh,"",England,587692,240826,52.03408,0.73489,2026-05-15,2026-09-30,false,Anglian Water Services Limited,"",""
ukh1406-10860,"River Deben Estuary, Waldringfield",10860,2023,"",East Suffolk,"",England,628600,244500,52.05172,1.33273,2026-05-15,2026-09-30,false,Anglian Water Services Limited,"",""
ukh1406-10900,Felixstowe North,10900,1988,"",East Suffolk,"",England,630598,234411,51.96034359322559,1.355028705384109,2026-05-15,2026-09-30,true,Anglian Water Services Limited,"",""
ukh1406-11000,Felixstowe South,11000,1988,"",East Suffolk,"",England,629700,233700,51.954333457100994,1.341507104744206,2026-05-15,2026-09-30,false,Anglian Water Services Limited,"",""
ukh1407-10750,Lowestoft (North of Claremont Pier),10750,1998,"",East Suffolk,"",England,654718,292204,52.46832115480514,1.748783678636152,2026-05-15,2026-09-30,false,Anglian Water Services Limited,"",""
ukh1407-10800,Lowestoft (South of Claremont Pier),10800,1988,"",East Suffolk,"",England,654500,291700,52.46390139880056,1.74519731039964,2026-05-15,2026-09-30,false,Anglian Water Services Limited,"",""
ukh1407-10830,Southwold The Pier,10830,2000,"",East Suffolk,"",England,651300,276700,52.33080938939501,1.686951566051651,2026-05-15,2026-09-30,false,Anglian Water Services Limited,"",""
ukh1407-10850,Southwold The Denes,10850,1990,"",East Suffolk,"",England,650800,275400,52.319374676698395,1.678661081999749,2026-05-15,2026-09-30,false,Anglian Water Services Limited,"",""
ukh3100-11770,Shoebury East,11770,1989,"",Southend-on-Sea,"",England,594570,185150,51.531726378852966,0.803842239043013,2026-05-15,2026-09-30,true,Anglian Water Services Limited,"",""
ukh3100-11780,Shoeburyness,11780,2001,"",Southend-on-Sea,"",England,592550,184100,51.52298814071129,0.774182218494224,2026-05-15,2026-09-30,false,Anglian Water Services Limited,"",""
ukh3100-11800,Southend Thorpe Bay,11800,1988,"",Southend-on-Sea,"",England,591100,184700,51.52886881078944,0.753632019781134,2026-05-15,2026-09-30,false,Anglian Water Services Limited,"",""
ukh3100-11830,Southend Jubilee,11830,2003,"",Southend-on-Sea,"",England,589000,184500,51.527778682731686,0.72328663806192,2026-05-15,2026-09-30,true,Anglian Water Services Limited,"",""
ukh3100-11850,Southend Three Shells,11850,2001,"",Southend-on-Sea,"",England,588200,185050,51.53298538027784,0.71206117584268,2026-05-15,2026-09-30,true,Anglian Water Services Limited,"",""
ukh3100-11900,Southend Westcliff Bay,11900,1988,"",Southend-on-Sea,"",England,586450,185250,51.53536180804658,0.686965498944973,2026-05-15,2026-09-30,false,Anglian Water Services Limited,"",""
ukh3100-11902,Southend Chalkwell,11902,2003,"",Southend-on-Sea,"",England,585470,185440,51.53739087248782,0.672951759736441,2026-05-15,2026-09-30,true,Anglian Water Services Limited,"",""
ukh3100-11904,Leigh Bell Wharf,11904,2003,"",Southend-on-Sea,"",England,584050,185570,51.539022887876975,0.652567904722018,2026-05-15,2026-09-30,true,Anglian Water Services Limited,"",""
ukh3306-11750,West Mersea,11750,1991,"",Colchester,"",England,602270,212030,51.770397383556734,0.930236739496514,2026-05-15,2026-09-30,false,Anglian Water Services Limited,"",""
ukh3311-11050,"Manningtree Beach, Stour Estuary",11050,2024,"",Tendring,"",England,610758,231980,51.94639,1.06523,2026-05-15,2026-09-30,false,Anglian Water Services Limited,"",""
ukh3311-11100,Dovercourt,11100,1988,"",Tendring,"",England,625170,230640,51.928717049764344,1.273696364647091,2026-05-15,2026-09-30,false,Anglian Water Services Limited,"",""
ukh3311-11250,Walton,11250,1988,"",Tendring,"",England,625550,221560,51.84705828437147,1.273281114220594,2026-05-15,2026-09-30,true,Anglian Water Services Limited,"",""
ukh3311-11300,Frinton,11300,1988,"",Tendring,"",England,623928,219342,51.82780056823315,1.248339232765255,2026-05-15,2026-09-30,true,Anglian Water Services Limited,"",""
ukh3311-11350,Holland,11350,1988,"",Tendring,"",England,622450,217650,51.81320172479971,1.22584143875814,2026-05-15,2026-09-30,true,Anglian Water Services Limited,"",""
ukh3311-11500,Clacton,11500,1988,"",Tendring,"",England,618790,215250,51.79309947559957,1.171319951192254,2026-05-15,2026-09-30,true,Anglian Water Services Limited,"",""
ukh3311-11550,Clacton (Groyne 41),11550,1995,2020,Tendring,"",England,617600,214300,51.78503459983661,1.153496961551652,2019-05-01,2019-09-30,false,Anglian Water Services Limited,"",""
ukh3311-11600,Jaywick,11600,1988,"",Tendring,"",England,614850,212800,51.77262931380517,1.112762317973562,2026-05-15,2026-09-30,false,Anglian Water Services Limited,"",""
ukh3311-11650,Clacton Beach Martello Tower,11650,2005,"",Tendring,"",England,616700,213700,51.77999691152549,1.140095257455826,2026-05-15,2026-09-30,true,Anglian Water Services Limited,"",""
ukh3311-11700,Brightlingsea,11700,1988,"",Tendring,"",England,607647,216182,51.80571083466384,1.01053773140046,2026-05-15,2026-09-30,false,Anglian Water Services Limited,"",""
uki1101-11910,Hampstead Heath (Ladies Pond),11910,1998,"",City and County of the City of London,"",England,527620,186920,51.56672374875844,-0.160094351971831,2026-05-15,2026-09-30,false,Thames Water Utilities Limited,"",""
uki1101-11920,Hampstead Heath (Mens Pond),11920,1998,"",City and County of the City of London,"",England,527870,186550,51.563342095736694,-0.15662381451985,2026-05-15,2026-09-30,false,Thames Water Utilities Limited,"",""
uki1101-11930,Hampstead Heath (Mixed Pond),11930,1998,"",City and County of the City of London,"",England,527210,186240,51.560705232062936,-0.166252403338055,2026-05-15,2026-09-30,false,Thames Water Utilities Limited,"",""
uki1106-11940,The Serpentine - Hyde Park,11940,1998,"",City of Westminster,"",England,527170,180030,51.50490501476789,-0.169070691536189,2026-05-15,2026-09-30,false,Thames Water Utilities Limited,"",""
ukj1402-11946,Wolvercote Mill Stream,11946,2022,"",Oxford,"",England,448665,209362,51.78081990807167,-1.295961521722681,2026-05-15,2026-09-30,false,Thames Water Utilities Limited,"",""
ukj1403-11947,"Wallingford Beach, River Thames",11947,2024,"",South Oxfordshire,"",England,461024,189389,51.60005,-1.12032,2026-05-15,2026-09-30,false,Thames Water Utilities Limited,"",""
ukj2100-14800,Saltdean,14800,1988,"",The City of Brighton and Hove,"",England,538100,101800,50.79930831490036,-0.041673206528577,2026-05-15,2026-09-30,false,Southern Water Services Limited,"",""
ukj2100-14850,Rottingdean Beach,14850,2024,"",The City of Brighton and Hove,"",England,537032,102048,50.80179,-0.05673,2026-05-15,2026-09-30,false,Southern Water Services Limited,"",""
ukj2100-14900,Brighton Kemptown,14900,1988,"",The City of Brighton and Hove,"",England,532384,103503,50.81594686736635,-0.122123261573308,2026-05-15,2026-09-30,false,Southern Water Services Limited,"",""
ukj2100-14950,Brighton Central,14950,2007,"",The City of Brighton and Hove,"",England,530701,103940,50.82025634693602,-0.145844809909213,2026-05-15,2026-09-30,false,Southern Water Services Limited,"",""
ukj2100-15000,Hove,15000,1988,"",The City of Brighton and Hove,"",England,529225,104232,50.823211672951224,-0.166684558773012,2026-05-15,2026-09-30,false,Southern Water Services Limited,"",""
ukj2201-14400,Pevensey Bay,14400,1988,"",Wealden,"",England,565687,103791,50.80997428191775,0.350368683032284,2026-05-15,2026-09-30,true,Southern Water Services Limited,"",""
ukj2201-14500,Eastbourne,14500,1988,"",Eastbourne,"",England,561459,98374,50.762498,0.288003,2026-05-15,2026-09-30,true,Southern Water Services Limited,"",""
ukj2201-14550,Birling Gap,14550,1998,"",Wealden,"",England,555367,95973,50.742579673737495,0.200707746754768,2026-05-15,2026-09-30,false,Southern Water Services Limited,"",""
ukj2202-14100,Hastings Pelham Beach,14100,1988,"",Hastings,"",England,582102,109189,50.85354404286179,0.5857954003092,2026-05-15,2026-09-30,true,Southern Water Services Limited,"",""
ukj2202-14150,St Leonards,14150,1996,"",Hastings,"",England,579700,108700,50.84990177939676,0.551467017008555,2026-05-15,2026-09-30,true,Southern Water Services Limited,"",""
ukj2203-14600,Seaford,14600,1988,"",Lewes,"",England,547820,98950,50.771301392423304,0.09501500163392,2026-05-15,2026-09-30,false,Southern Water Services Limited,"",""
ukj2204-13900,Camber,13900,1988,"",Rother,"",England,596586,118585,50.933200586076914,0.796375555008748,2026-05-15,2026-09-30,false,Southern Water Services Limited,"",""
ukj2204-14000,Winchelsea,14000,1988,"",Rother,"",England,591200,115400,50.906400668932136,0.718147800278008,2026-05-15,2026-09-30,false,Southern Water Services Limited,"",""
ukj2205-14200,Bexhill,14200,1988,"",Rother,"",England,574042,107018,50.83651861983744,0.470373139504789,2026-05-15,2026-09-30,true,Southern Water Services Limited,"",""
ukj2205-14300,Norman`s Bay,14300,1988,"",Rother,"",England,568200,105300,50.82280870144683,0.386696038608708,2026-05-15,2026-09-30,false,Southern Water Services Limited,"",""
ukj2310-11945,Frensham Great Pond,11945,1998,"",Waverley,"",England,484588,140478,51.15730922324361,-0.791803740453079,2026-05-15,2026-09-30,false,Thames Water Utilities Limited,"",""
ukj2401-15100,Southwick,15100,1988,"",Adur,"",England,524358,104728,50.82873425373243,-0.235579708150519,2026-05-15,2026-09-30,false,Southern Water Services Limited,"",""
ukj2401-15200,Shoreham Beach,15200,2014,"",Adur,"",England,521848,104429,50.82657968050896,-0.271301418312344,2026-05-15,2026-09-30,false,Southern Water Services Limited,"",""
ukj2401-15300,"Lancing, Beach Green",15300,1988,"",Adur,"",England,518300,103600,50.819862756714556,-0.321921858737898,2026-05-15,2026-09-30,true,Southern Water Services Limited,"",""
ukj2402-15500,Littlehampton,15500,1988,"",Arun,"",England,503060,101320,50.80227443041339,-0.538835647163759,2026-05-15,2026-09-30,true,Southern Water Services Limited,"",""
ukj2402-15600,Middleton-on-sea,15600,1988,"",Arun,"",England,498500,99900,50.79030021449079,-0.60390668831765,2026-05-15,2026-09-30,false,Southern Water Services Limited,"",""
ukj2402-15650,Felpham,15650,1996,"",Arun,"",England,495080,99390,50.786285588536565,-0.65254437647151,2026-05-15,2026-09-30,true,Southern Water Services Limited,"",""
ukj2402-15680,Bognor Regis East,15680,1999,"",Arun,"",England,493900,98930,50.78234219649502,-0.669396152909609,2026-05-15,2026-09-30,true,Southern Water Services Limited,"",""
ukj2402-15700,Bognor Regis (Aldwick),15700,1988,"",Arun,"",England,492360,98557,50.77923589764446,-0.691328567556921,2026-05-15,2026-09-30,true,Southern Water Services Limited,"",""
ukj2402-15800,Pagham,15800,1988,"",Arun,"",England,489200,97200,50.76752942075107,-0.736466764997683,2026-05-15,2026-09-30,true,Southern Water Services Limited,"",""
ukj2403-15900,Selsey,15900,1988,"",Chichester,"",England,486872,93686,50.736289294798816,-0.770298440368953,2026-05-15,2026-09-30,false,Southern Water Services Limited,"",""
ukj2403-16000,Bracklesham Bay,16000,1988,"",Chichester,"",England,480462,96331,50.760993122078624,-0.860538272557859,2026-05-15,2026-09-30,false,Southern Water Services Limited,"",""
ukj2403-16100,West Wittering,16100,1988,"",Chichester,"",England,476800,98000,50.776494304924896,-0.912101831012926,2026-05-15,2026-09-30,false,Southern Water Services Limited,"",""
ukj2407-15350,Worthing Beach House,15350,2024,"",Worthing,"",England,515580,102517,50.81068,-0.36086,2026-05-15,2026-09-30,true,Southern Water Services Limited,"",""
ukj2407-15400,Worthing,15400,1988,"",Worthing,"",England,513900,102100,50.80725993550858,-0.384825087481915,2026-05-15,2026-09-30,true,Southern Water Services Limited,"",""
ukj2407-15450,Goring Beach,15450,2024,"",Worthing,"",England,511753,101834,50.80529,-0.41537,2026-05-15,2026-09-30,false,Southern Water Services Limited,"",""
ukj3100-16500,Eastney,16500,1988,"",City of Portsmouth,"",England,467410,98774,50.78461852703445,-1.045119146890172,2026-05-15,2026-09-30,false,Southern Water Services Limited,"",""
ukj3100-16600,Southsea East,16600,1988,"",City of Portsmouth,"",England,465000,98080,50.7786534035037,-1.079424297745562,2026-05-15,2026-09-30,true,Southern Water Services Limited,"",""
ukj3304-16850,Hillhead,16850,1990,"",Fareham,"",England,454670,101830,50.813437334491546,-1.225369966558602,2026-05-15,2026-09-30,true,Southern Water Services Limited,"",""
ukj3305-16700,Stokes Bay,16700,1988,"",Gosport,"",England,460000,97900,50.77757335746597,-1.150364175942044,2026-05-15,2026-09-30,false,Southern Water Services Limited,"",""
ukj3305-16800,Lee-on-Solent,16800,1988,"",Gosport,"",England,456172,100458,50.8009570638879,-1.204262010643014,2026-05-15,2026-09-30,false,Southern Water Services Limited,"",""
ukj3307-16300,Eastoke,16300,1988,"",Havant,"",England,472900,98400,50.78059297941697,-0.967327158509046,2026-05-15,2026-09-30,false,Southern Water Services Limited,"",""
ukj3307-16350,Beachlands Central,16350,1998,"",Havant,"",England,471350,98710,50.7835726010608,-0.989249185506088,2026-05-15,2026-09-30,false,Southern Water Services Limited,"",""
ukj3307-16400,Beachlands West,16400,1988,"",Havant,"",England,470500,98700,50.78358643497926,-1.001306696975126,2026-05-15,2026-09-30,false,Southern Water Services Limited,"",""
ukj3308-16900,Calshot,16900,1988,"",New Forest,"",England,448138,101306,50.80930372507521,-1.31814781758902,2026-05-15,2026-09-30,false,Southern Water Services Limited,"",""
ukj3308-17000,Lepe,17000,1988,"",New Forest,"",England,445600,98500,50.78427689171927,-1.354514214476178,2026-05-15,2026-09-30,false,Southern Water Services Limited,"",""
ukj3308-17100,Milford-on-sea,17100,1988,"",New Forest,"",England,427582,91779,50.72497354019215,-1.610597266739971,2026-05-15,2026-09-30,false,Southern Water Services Limited,"",""
ukj3308-19001,River Avon at Fordingbridge,19001,2024,"",New Forest,"",England,414958,114118,50.92632,-1.78854,2026-05-15,2026-09-30,false,Wessex Water Services Limited,"",""
ukj3400-17400,Compton Bay,17400,1988,"",Isle of Wight,"",England,437681,84179,50.65606596712299,-1.468299355173796,2026-05-15,2026-09-30,false,Southern Water Services Limited,"",""
ukj3400-17500,Totland Bay,17500,1988,"",Isle of Wight,"",England,432195,86895,50.680817762452946,-1.545669214184667,2026-05-15,2026-09-30,false,Southern Water Services Limited,"",""
ukj3400-17600,Colwell Bay,17600,1988,"",Isle of Wight,"",England,432699,87859,50.68945860420148,-1.538450970988754,2026-05-15,2026-09-30,true,Southern Water Services Limited,"",""
ukj3400-17700,Gurnard,17700,1988,"",Isle of Wight,"",England,447700,95900,50.760728721025984,-1.325063587908411,2026-05-15,2026-09-30,true,Southern Water Services Limited,"",""
ukj3400-17800,Cowes,17800,1988,"",Isle of Wight,"",England,448800,96700,50.76783127759815,-1.309363422153536,2026-05-15,2026-09-30,false,Southern Water Services Limited,"",""
ukj3400-17850,East Cowes,17850,2022,"",Isle of Wight,"",England,450642,96377,50.76476936026451,-1.283289967118494,2026-05-15,2026-09-30,false,Southern Water Services Limited,"",""
ukj3400-17900,Ryde,17900,1988,"",Isle of Wight,"",England,460100,92700,50.73080613175428,-1.149793713177086,2026-05-15,2026-09-30,true,Southern Water Services Limited,"",""
ukj3400-18000,Seagrove,18000,1988,"",Isle of Wight,"",England,463150,91123,50.716303024289644,-1.106853577320607,2026-05-15,2026-09-30,true,Southern Water Services Limited,"",""
ukj3400-18100,St Helens,18100,1988,"",Isle of Wight,"",England,463755,89160,50.69858655635361,-1.098623643929827,2026-05-15,2026-09-30,false,Southern Water Services Limited,"",""
ukj3400-18200,Bembridge,18200,1988,"",Isle of Wight,"",England,465817,87808,50.68620066346025,-1.069670328823699,2026-05-15,2026-09-30,true,Southern Water Services Limited,"",""
ukj3400-18300,Whitecliff Bay,18300,1988,"",Isle of Wight,"",England,464100,86200,50.671933347827874,-1.094251144937834,2026-05-15,2026-09-30,false,Southern Water Services Limited,"",""
ukj3400-18350,Yaverland,18350,2008,"",Isle of Wight,"",England,461360,85040,50.66179758773984,-1.133213855766716,2026-05-15,2026-09-30,false,Southern Water Services Limited,"",""
ukj3400-18400,Sandown,18400,1988,"",Isle of Wight,"",England,460139,84264,50.654947044783555,-1.150612952667514,2026-05-15,2026-09-30,true,Southern Water Services Limited,"",""
ukj3400-18500,Shanklin,18500,1988,"",Isle of Wight,"",England,458580,81137,50.62698814304571,-1.173158277125955,2026-05-15,2026-09-30,true,Southern Water Services Limited,"",""
ukj3400-18600,Ventnor,18600,1988,"",Isle of Wight,"",England,456018,77341,50.59310640825722,-1.209947267658163,2026-05-15,2026-09-30,false,Southern Water Services Limited,"",""
ukj4202-12100,"West Beach, Whitstable",12100,1988,"",Canterbury,"",England,609800,166000,51.3543282013388,1.011764270825496,2026-05-15,2026-09-30,false,Southern Water Services Limited,"",""
ukj4202-12120,Tankerton,12120,2007,"",Canterbury,"",England,612120,167333,51.36543634344041,1.045826991432158,2026-05-15,2026-09-30,true,Southern Water Services Limited,"",""
ukj4202-12150,Herne Bay Central,12150,1999,"",Canterbury,"",England,617150,168280,51.372039870464164,1.118548468494485,2026-05-15,2026-09-30,true,Southern Water Services Limited,"",""
ukj4202-12200,Herne Bay,12200,1988,"",Canterbury,"",England,618600,168600,51.37435710325768,1.139544400747574,2026-05-15,2026-09-30,true,Southern Water Services Limited,"",""
ukj4204-13000,Sandwich Bay,13000,1988,"",Dover,"",England,635778,159142,51.28259786416355,1.379663263660137,2026-05-15,2026-09-30,false,Southern Water Services Limited,"",""
ukj4204-13100,Deal Castle,13100,1988,"",Dover,"",England,637837,152805,51.22486304198136,1.404925707974265,2026-05-15,2026-09-30,true,Southern Water Services Limited,"",""
ukj4204-13200,St Margaret`s Bay,13200,1988,"",Dover,"",England,636878,144490,51.1506235954886,1.385739372031037,2026-05-15,2026-09-30,false,Southern Water Services Limited,"",""
ukj4208-13300,Folkestone,13300,1988,"",Folkestone and Hythe,"",England,623615,136249,51.08196357311625,1.191314626866399,2026-05-15,2026-09-30,true,Southern Water Services Limited,"",""
ukj4208-13400,Sandgate,13400,1988,"",Folkestone and Hythe,"",England,618800,134800,51.07080697611591,1.121803015201279,2026-05-15,2026-09-30,false,Southern Water Services Limited,"",""
ukj4208-13500,Hythe,13500,1988,"",Folkestone and Hythe,"",England,616000,134000,51.064683030745755,1.081421889530718,2026-05-15,2026-09-30,false,Southern Water Services Limited,"",""
ukj4208-13600,Dymchurch,13600,1988,"",Folkestone and Hythe,"",England,610240,129300,51.024613309377024,0.996611814185222,2026-05-15,2026-09-30,true,Southern Water Services Limited,"",""
ukj4208-13700,St Mary's Bay (Kent),13700,1988,"",Folkestone and Hythe,"",England,609300,127700,51.01058771257017,0.982304921293757,2026-05-15,2026-09-30,false,Southern Water Services Limited,"",""
ukj4208-13800,Littlestone,13800,1988,"",Folkestone and Hythe,"",England,608400,123900,50.97678874193849,0.96731518804359,2026-05-15,2026-09-30,true,Southern Water Services Limited,"",""
ukj4209-11950,Sheerness,11950,1991,"",Swale,"",England,591917,175199,51.44326276918685,0.760235343877594,2026-05-15,2026-09-30,false,Southern Water Services Limited,"",""
ukj4209-11975,Minster Leas,11975,2010,"",Swale,"",England,595094,174170,51.43293721413515,0.805325503474074,2026-05-15,2026-09-30,true,Southern Water Services Limited,"",""
ukj4209-12000,Leysdown,12000,1988,"",Swale,"",England,603336,170841,51.40014835227358,0.921827823102863,2026-05-15,2026-09-30,false,Southern Water Services Limited,"",""
ukj4210-12300,"Minnis Bay, Birchington",12300,1988,"",Thanet,"",England,628600,169700,51.38029832223167,1.283684806754969,2026-05-15,2026-09-30,false,Southern Water Services Limited,"",""
ukj4210-12350,"West Bay, Westgate",12350,1997,"",Thanet,"",England,631968,170175,51.38319742671541,1.33230604116729,2026-05-15,2026-09-30,true,Southern Water Services Limited,"",""
ukj4210-12400,"St Mildred's Bay, Westgate",12400,1988,"",Thanet,"",England,632687,170396,51.384887262981415,1.342764656145183,2026-05-15,2026-09-30,false,Southern Water Services Limited,"",""
ukj4210-12450,"Westbrook Bay, Margate",12450,1997,"",Thanet,"",England,634100,170600,51.38613803927582,1.363168673097685,2026-05-15,2026-09-30,false,Southern Water Services Limited,"",""
ukj4210-12500,Margate The Bay,12500,1988,"",Thanet,"",England,634970,170814,51.38769982307236,1.375790552419346,2026-05-15,2026-09-30,false,Southern Water Services Limited,"",""
ukj4210-12600,Margate Fulsam Rock,12600,1988,"",Thanet,"",England,635692,171402,51.392678701614855,1.386538154257397,2026-05-15,2026-09-30,true,Southern Water Services Limited,"",""
ukj4210-12630,"Walpole Bay, Margate",12630,1997,"",Thanet,"",England,636570,171395,51.392250950887004,1.399130061418621,2026-05-15,2026-09-30,false,Southern Water Services Limited,"",""
ukj4210-12660,"Botany Bay, Broadstairs",12660,1997,"",Thanet,"",England,639100,171200,51.38944157243337,1.435294752968038,2026-05-15,2026-09-30,false,Southern Water Services Limited,"",""
ukj4210-12700,"Joss Bay, Broadstairs",12700,1988,"",Thanet,"",England,639908,170099,51.379219014808704,1.446142630132952,2026-05-15,2026-09-30,false,Southern Water Services Limited,"",""
ukj4210-12750,"Broadstairs, Stone Bay",12750,1997,"",Thanet,"",England,639923,168564,51.36543557827904,1.445322598077251,2026-05-15,2026-09-30,false,Southern Water Services Limited,"",""
ukj4210-12800,"Broadstairs, Viking Bay",12800,1988,"",Thanet,"",England,639800,167700,51.357732765963895,1.442977096679106,2026-05-15,2026-09-30,true,Southern Water Services Limited,"",""
ukj4210-12850,Ramsgate Sands,12850,1997,"",Thanet,"",England,638675,164806,51.33223078633673,1.424911174620844,2026-05-15,2026-09-30,false,Southern Water Services Limited,"",""
ukj4210-12900,Ramsgate Western Undercliffe,12900,1988,"",Thanet,"",England,637406,164120,51.32660421706023,1.406272751424865,2026-05-15,2026-09-30,false,Southern Water Services Limited,"",""
ukk1100-36050,Henleaze Lake,36050,2014,"",City of Bristol,"",England,358047,177472,51.49462281893482,-2.605706908746493,2026-05-15,2026-09-30,false,Wessex Water Services Limited,"",""
ukk1202-35700,Weston-super-Mare Uphill Slipway,35700,1988,"",North Somerset,"",England,331092,158867,51.32470854613234,-2.99031356730742,2026-05-15,2026-09-30,true,Wessex Water Services Limited,"Step Change in water quality from 30/04/2013, due to improvements made to Water plc assets.",2013-04-30
ukk1202-35800,Weston Main,35800,1988,"",North Somerset,"",England,331600,160700,51.34124950897945,-2.983376453172808,2026-05-15,2026-09-30,true,Wessex Water Services Limited,"Step Change in water quality from 01/05/2019, due to elimination of contaminated discharges from a nearby surface water outfall.",2019-04-30
ukk1202-35900,Weston-super-Mare Sand Bay,35900,1988,"",North Somerset,"",England,332838,163267,51.36447617689369,-2.966090885973957,2026-05-15,2026-09-30,true,Wessex Water Services Limited,"",""
ukk1202-36000,Clevedon Beach,36000,1988,"",North Somerset,"",England,340224,171824,51.442236990094436,-2.861457654629344,2026-05-15,2026-09-30,true,Wessex Water Services Limited,"",""
ukk1302-11760,Cotswold Country Park and Beach,11760,1998,"",Cotswold,"",England,402800,195800,51.66097999799158,-1.960909719962519,2026-05-15,2026-09-30,false,Thames Water Utilities Limited,"",""
ukk2101-19000,Bournemouth Hengistbury West,19000,1988,"","Bournemouth, Christchurch and Poole","",England,416257,90826,50.716827933587915,-1.771081738193689,2026-05-15,2026-09-30,false,Wessex Water Services Limited,"",""
ukk2101-19020,Bournemouth Southbourne,19020,2000,"","Bournemouth, Christchurch and Poole","",England,414800,91060,50.71897071380313,-1.791710158585046,2026-05-15,2026-09-30,false,Wessex Water Services Limited,"",""
ukk2101-19030,Bournemouth Fisherman`s Walk,19030,1993,"","Bournemouth, Christchurch and Poole","",England,413024,91248,50.72070320194038,-1.816860588485414,2026-05-15,2026-09-30,false,Wessex Water Services Limited,"",""
ukk2101-19050,Bournemouth Manor Steps,19050,2018,"","Bournemouth, Christchurch and Poole","",England,411936,91195,50.7202495759178,-1.832274419945797,2026-05-15,2026-09-30,true,Wessex Water Services Limited,"",""
ukk2101-19060,Bournemouth Boscombe Pier,19060,1993,"","Bournemouth, Christchurch and Poole","",England,411107,91104,50.71944739521689,-1.844020302357056,2026-05-15,2026-09-30,true,Wessex Water Services Limited,"",""
ukk2101-19100,Bournemouth Pier,19100,1988,"","Bournemouth, Christchurch and Poole","",England,408860,90657,50.715465501090364,-1.875860241218663,2026-05-15,2026-09-30,false,Wessex Water Services Limited,"",""
ukk2101-19150,Bournemouth Durley Chine,19150,1993,"","Bournemouth, Christchurch and Poole","",England,407951,90387,50.71305031738002,-1.888741147744736,2026-05-15,2026-09-30,false,Wessex Water Services Limited,"",""
ukk2101-19160,Bournemouth Alum Chine,19160,2000,"","Bournemouth, Christchurch and Poole","",England,407481,90171,50.711113986161706,-1.895402269211638,2026-05-15,2026-09-30,false,Wessex Water Services Limited,"",""
ukk2102-19170,Poole Branksome Chine,19170,2000,"","Bournemouth, Christchurch and Poole","",England,406455,89589,50.70589220936583,-1.909943393969187,2026-05-15,2026-09-30,false,Wessex Water Services Limited,"",""
ukk2102-19190,Poole Canford Cliffs Chine,19190,2004,"","Bournemouth, Christchurch and Poole","",England,405710,88983,50.7004503224046,-1.920502967848092,2026-05-15,2026-09-30,false,Wessex Water Services Limited,"",""
ukk2102-19200,Poole Shore Road Beach,19200,1988,"","Bournemouth, Christchurch and Poole","",England,405085,88337,50.69464678358298,-1.929361726434004,2026-05-15,2026-09-30,false,Wessex Water Services Limited,"",""
ukk2102-19350,Poole Sandbanks Peninsular,19350,1997,"","Bournemouth, Christchurch and Poole","",England,404520,87673,50.68868038945296,-1.937369325612276,2026-05-15,2026-09-30,false,Wessex Water Services Limited,"",""
ukk2102-19400,Poole Harbour Lake,19400,1988,"","Bournemouth, Christchurch and Poole","",England,398313,90468,50.71383032434879,-2.025252753585668,2026-05-15,2026-09-30,true,Wessex Water Services Limited,"",""
ukk2102-19450,Poole Harbour Rockley Sands,19450,1988,"","Bournemouth, Christchurch and Poole","",England,397263,91078,50.71931148651304,-2.040129811985227,2026-05-15,2026-09-30,true,Wessex Water Services Limited,"",""
ukk2201-17200,Christchurch Bay,17200,1988,"",New Forest,"",England,423900,92800,50.73431722543745,-1.662694516455852,2026-05-15,2026-09-30,false,Southern Water Services Limited,"",""
ukk2201-17300,Highcliffe,17300,1988,"","Bournemouth, Christchurch and Poole","",England,421374,93085,50.7369779306785,-1.698471256684587,2026-05-15,2026-09-30,false,Southern Water Services Limited,"",""
ukk2201-18700,Christchurch Highcliffe Castle,18700,1988,"","Bournemouth, Christchurch and Poole","",England,420248,92931,50.7356331243121,-1.714435887219141,2026-05-15,2026-09-30,true,Wessex Water Services Limited,"",""
ukk2201-18750,Christchurch Friar`s Cliff,18750,1990,"","Bournemouth, Christchurch and Poole","",England,419194,92528,50.73204459027096,-1.729392227367008,2026-05-15,2026-09-30,false,Wessex Water Services Limited,"",""
ukk2201-18800,Christchurch Avon Beach,18800,1988,"","Bournemouth, Christchurch and Poole","",England,418895,92216,50.72924859072594,-1.733644685233053,2026-05-15,2026-09-30,false,Wessex Water Services Limited,"",""
ukk2201-18900,Christchurch Mudeford Sandbank East,18900,1988,"","Bournemouth, Christchurch and Poole","",England,418300,91100,50.7192316666589,-1.742129795988796,2026-05-15,2026-09-30,false,Wessex Water Services Limited,"",""
ukk2204-19600,Shell Bay North,19600,1988,"",Dorset,"",England,403714,86533,50.67843453077423,-1.948790956624016,2026-05-15,2026-09-30,false,Wessex Water Services Limited,"",""
ukk2204-19700,Studland Knoll House,19700,1988,"",Dorset,"",England,403430,83602,50.65207839043268,-1.952837307031449,2026-05-15,2026-09-30,false,Wessex Water Services Limited,"",""
ukk2204-19800,Swanage Central,19800,1988,"",Dorset,"",England,403102,79303,50.61341975801455,-1.957511535566838,2026-05-15,2026-09-30,true,Wessex Water Services Limited,"",""
ukk2204-19900,Kimmeridge Bay,19900,1988,"",Dorset,"",England,390798,79094,50.61147302027232,-2.131407992731875,2026-05-15,2026-09-30,false,Wessex Water Services Limited,"",""
ukk2204-20000,Lulworth Cove,20000,1988,"",Dorset,"",England,382457,79943,50.61891606966623,-2.249333471476767,2026-05-15,2026-09-30,true,Wessex Water Services Limited,"",""
ukk2204-20100,Durdle Door East,20100,1988,"",Dorset,"",England,380703,80291,50.621989988532334,-2.274144955206742,2026-05-15,2026-09-30,false,Wessex Water Services Limited,"",""
ukk2204-20200,Durdle Door West,20200,1988,"",Dorset,"",England,380493,80285,50.621929009837075,-2.277113213563494,2026-05-15,2026-09-30,false,Wessex Water Services Limited,"",""
ukk2205-20970,Hive,20970,2000,"",Dorset,"",England,349016,88762,50.69624551789942,-2.723226623461948,2026-05-15,2026-09-30,false,Wessex Water Services Limited,"",""
ukk2205-21000,West Bay (West),21000,1988,"",Dorset,"",England,345974,90430,50.710968643628284,-2.766537776781116,2026-05-15,2026-09-30,true,Wessex Water Services Limited,"",""
ukk2205-21100,Eypemouth,21100,1988,"",Dorset,"",England,344685,91013,50.716089177039926,-2.78487992421657,2026-05-15,2026-09-30,false,Wessex Water Services Limited,"",""
ukk2205-21200,Seatown,21200,1988,"",Dorset,"",England,341873,91711,50.72209005507471,-2.824817306435447,2026-05-15,2026-09-30,false,Wessex Water Services Limited,"",""
ukk2205-21300,Charmouth West,21300,1988,"",Dorset,"",England,336260,93050,50.73354010619156,-2.904557604285713,2026-05-15,2026-09-30,true,Wessex Water Services Limited,"",""
ukk2205-21400,Lyme Regis Church Cliff Beach,21400,2024|1988,"",Dorset,"",England,334430,92126,50.725027701195046,-2.930321023052255,2026-05-15,2026-09-30,true,South West Water Limited,"",""
ukk2205-21500,Lyme Regis Front Beach,21500,1988,"",Dorset,"",England,333900,91850,50.72248583256525,-2.937779284373491,2026-05-15,2026-09-30,true,South West Water Limited,"",""
ukk2206-20300,Ringstead Bay,20300,1988,"",Dorset,"",England,375246,81320,50.63103636510807,-2.351353705935561,2026-05-15,2026-09-30,false,Wessex Water Services Limited,"",""
ukk2206-20400,Bowleaze Cove,20400,1988,"",Dorset,"",England,370236,81919,50.63618767781551,-2.422236530165176,2026-05-15,2026-09-30,true,Wessex Water Services Limited,"",""
ukk2206-20500,Church Ope Cove,20500,1988,"",Dorset,"",England,369760,71000,50.53797182312265,-2.428075266920466,2026-05-15,2026-09-30,false,Wessex Water Services Limited,"",""
ukk2206-20600,Weymouth Lodmoor,20600,1988,"",Dorset,"",England,368820,80780,50.62587065787878,-2.442162623042448,2026-05-15,2026-09-30,false,Wessex Water Services Limited,"",""
ukk2206-20700,Weymouth Central,20700,1988,"",Dorset,"",England,368100,79514,50.614446773533786,-2.452231804596249,2026-05-15,2026-09-30,false,Wessex Water Services Limited,"",""
ukk2206-20800,Portland Harbour Castle Cove,20800,1988,"",Dorset,"",England,367560,77500,50.59630543390464,-2.459686889130563,2026-05-15,2026-09-30,true,Wessex Water Services Limited,"",""
ukk2206-20900,Portland Harbour Sandsfoot Castle,20900,1988,"",Dorset,"",England,367285,77271,50.594230680451375,-2.463551833001375,2026-05-15,2026-09-30,true,Wessex Water Services Limited,"",""
ukk2301-36051,River Frome at Farleigh Hungerford,36051,2024,"",Somerset,"",England,380518,157683,51.31791,-2.28093,2026-05-15,2026-09-30,false,Wessex Water Services Limited,"",""
ukk2302-35300,Burnham Jetty North,35300,1988,2020,Somerset,"",England,330322,148972,51.23565347114896,-2.999431565704091,2019-05-01,2019-09-30,true,Wessex Water Services Limited,"",""
ukk2302-35500,Berrow North of Unity Farm,35500,1988,"",Somerset,"",England,329114,154114,51.28173368068762,-3.017751052337732,2026-05-15,2026-09-30,false,Wessex Water Services Limited,"",""
ukk2302-35600,Brean,35600,1988,"",Somerset,"",England,329600,158500,51.321226248428644,-3.011650047268998,2026-05-15,2026-09-30,false,Wessex Water Services Limited,"",""
ukk2304-35201,River Tone at French Weir Park,35201,2024,"",Somerset,"",England,322038,124892,51.01809,-3.11285,2026-05-15,2026-09-30,false,Wessex Water Services Limited,"",""
ukk2305-34900,Porlock Weir,34900,1988,"",Somerset,"",England,286521,147903,51.219009713770575,-3.626267702315258,2026-05-15,2026-09-30,false,Wessex Water Services Limited,"",""
ukk2305-35000,Minehead Terminus,35000,1988,"",Somerset,"",England,297614,146397,51.20757155104795,-3.467058970405523,2026-05-15,2026-09-30,true,Wessex Water Services Limited,"",""
ukk2305-35100,Dunster Beach,35100,1988,"",Somerset,"",England,300408,144655,51.192406603754826,-3.426591495300738,2026-05-15,2026-09-30,true,Wessex Water Services Limited,"",""
ukk2305-35200,Blue Anchor West,35200,1988,"",Somerset,"",England,302161,143509,51.18240778352082,-3.401200559800488,2026-05-15,2026-09-30,true,Wessex Water Services Limited,"",""
ukk3101-26520,Kingsand,26520,1998,"",Cornwall,"",England,243570,50500,50.33359139747659,-4.199395954504258,2026-05-15,2026-09-30,false,South West Water Limited,"",""
ukk3101-26530,Cawsand,26530,1998,"",Cornwall,"",England,243420,50200,50.330855517949935,-4.201377459873182,2026-05-15,2026-09-30,false,South West Water Limited,"",""
ukk3101-26560,Tregonhawke,26560,2018,"",Cornwall,"",England,240500,51400,50.34085546067812,-4.242879702830213,2026-05-15,2026-09-30,false,South West Water Limited,"",""
ukk3101-26570,Sharrow,26570,2012,"",Cornwall,"",England,239330,52185,50.347591487423465,-4.259643504303614,2026-05-15,2026-09-30,false,South West Water Limited,"",""
ukk3101-26600,Portwrinkle,26600,1988,"",Cornwall,"",England,235960,53830,50.361443659255194,-4.307686824050995,2026-05-15,2026-09-30,false,South West Water Limited,"",""
ukk3101-26700,Downderry,26700,1988,"",Cornwall,"",England,231470,53920,50.360983061814046,-4.370798313705646,2026-05-15,2026-09-30,false,South West Water Limited,"",""
ukk3101-26800,Seaton (Cornwall),26800,1988,"",Cornwall,"",England,230370,54330,50.36435089286344,-4.38643443196306,2026-05-15,2026-09-30,true,South West Water Limited,"",""
ukk3101-26900,Millendreath,26900,1988,"",Cornwall,"",England,226810,54080,50.36106704002505,-4.436327857389018,2026-05-15,2026-09-30,true,South West Water Limited,"",""
ukk3101-27000,East Looe,27000,1988,"",Cornwall,"",England,225700,53170,50.35256267635997,-4.451498081181772,2026-05-15,2026-09-30,true,South West Water Limited,"Step Change in water quality from 30/04/2015, due to improvements made to Water plc assets.",2015-04-30
ukk3102-28500,Pendower,28500,1988,"",Cornwall,"",England,189750,38120,50.205650385263674,-4.94783256502555,2026-05-15,2026-09-30,true,South West Water Limited,"",""
ukk3102-28550,Porthcurnick,28550,1998,"",Cornwall,"",England,187900,36020,50.18612904255592,-4.972549323471114,2026-05-15,2026-09-30,true,South West Water Limited,"",""
ukk3102-28600,Gyllyngvase,28600,1988,"",Cornwall,"",England,180940,31680,50.14461889183703,-5.067404244295827,2026-05-15,2026-09-30,false,South West Water Limited,"",""
ukk3102-28700,Swanpool,28700,1988,"",Cornwall,"",England,180320,31260,50.140617662512916,-5.075826818894453,2026-05-15,2026-09-30,false,South West Water Limited,"",""
ukk3102-28800,Maenporth,28800,1988,"",Cornwall,"",England,178980,29570,50.12494280778024,-5.093572395033213,2026-05-15,2026-09-30,true,South West Water Limited,"",""
ukk3102-31600,Porthtowan,31600,1988,"",Cornwall,"",England,169127,48092,50.28750549757236,-5.242453199265106,2026-05-15,2026-09-30,false,South West Water Limited,"",""
ukk3102-31650,Chapel Porth,31650,2012,"",Cornwall,"",England,169729,49503,50.30041024758236,-5.234876016017111,2026-05-15,2026-09-30,false,South West Water Limited,"",""
ukk3102-31700,Trevaunance Cove,31700,1988,"",Cornwall,"",England,172220,51620,50.32038678132352,-5.201232297230354,2026-05-15,2026-09-30,false,South West Water Limited,"",""
ukk3102-31800,Perranporth,31800,1988,"",Cornwall,"",England,175640,54700,50.34935602310362,-5.155098900544113,2026-05-15,2026-09-30,false,South West Water Limited,"",""
ukk3102-31900,Perranporth Penhale Sands,31900,1988,"",Cornwall,"",England,175950,55800,50.35935172958828,-5.151402771236902,2026-05-15,2026-09-30,false,South West Water Limited,"",""
ukk3102-32000,Holywell Bay,32000,1988,"",Cornwall,"",England,176520,59400,50.39189541579557,-5.145540679817082,2026-05-15,2026-09-30,false,South West Water Limited,"",""
ukk3103-28900,Porthallow,28900,1988,"",Cornwall,"",England,179740,23260,50.06855769742675,-5.079319250900065,2026-05-15,2026-09-30,true,South West Water Limited,"",""
ukk3103-29000,Porthoustock,29000,1988,"",Cornwall,"",England,180760,21770,50.05555308399595,-5.064233762602137,2026-05-15,2026-09-30,false,South West Water Limited,"",""
ukk3103-29100,Coverack,29100,1988,"",Cornwall,"",England,178260,18400,50.02436158631497,-5.097157134548582,2026-05-15,2026-09-30,true,South West Water Limited,"",""
ukk3103-29200,Kennack Sands,29200,1988,"",Cornwall,"",England,173410,16460,50.0051145430488,-5.16361764652506,2026-05-15,2026-09-30,true,South West Water Limited,"",""
ukk3103-29400,Polurrian Cove,29400,1988,"",Cornwall,"",England,166860,18770,50.023330677378155,-5.256277429751976,2026-05-15,2026-09-30,false,South West Water Limited,"",""
ukk3103-29500,Poldhu Cove,29500,1988,"",Cornwall,"",England,166550,19920,50.03353543801929,-5.261297725976499,2026-05-15,2026-09-30,true,South West Water Limited,"",""
ukk3103-29501,Church Cove,29501,2004,"",Cornwall,"",England,166100,20500,50.03856677687165,-5.267924543097124,2026-05-15,2026-09-30,false,South West Water Limited,"",""
ukk3103-29800,Porthleven Sands,29800,1988,"",Cornwall,"",England,162950,25370,50.081047434835746,-5.314853125567395,2026-05-15,2026-09-30,false,South West Water Limited,"",""
ukk3103-29900,Praa Sands East,29900,1988,"",Cornwall,"",England,158470,27600,50.09926528948838,-5.378769187638989,2026-05-15,2026-09-30,false,South West Water Limited,"",""
ukk3103-30000,Praa Sands West,30000,1988,"",Cornwall,"",England,157620,28080,50.10322853083056,-5.390937537533112,2026-05-15,2026-09-30,false,South West Water Limited,"",""
ukk3103-31500,Portreath,31500,1988,"",Cornwall,"",England,165350,45330,50.26121685732411,-5.293671282719442,2026-05-15,2026-09-30,false,South West Water Limited,"",""
ukk3104-32550,Porthcothan,32550,1992,"",Cornwall,"",England,185720,72060,50.509016460983155,-5.023542515803301,2026-05-15,2026-09-30,false,South West Water Limited,"",""
ukk3104-32600,Treyarnon Bay,32600,1988,"",Cornwall,"",England,185860,73960,50.52613078547197,-5.022661275963966,2026-05-15,2026-09-30,false,South West Water Limited,"",""
ukk3104-32700,Constantine Bay,32700,1988,"",Cornwall,"",England,185890,74750,50.53323640833779,-5.022692244773718,2026-05-15,2026-09-30,false,South West Water Limited,"",""
ukk3104-32750,Booby's Bay,32750,2018,"",Cornwall,"",England,185692,75404,50.53903716125394,-5.0258580848193,2026-05-15,2026-09-30,false,South West Water Limited,"",""
ukk3104-32800,Mother Ivey`s Bay,32800,1988,"",Cornwall,"",England,186450,75940,50.54412805108646,-5.015483516396951,2026-05-15,2026-09-30,false,South West Water Limited,"",""
ukk3104-32900,Harlyn Bay,32900,1988,"",Cornwall,"",England,187720,75460,50.54027976933611,-4.997311029899912,2026-05-15,2026-09-30,false,South West Water Limited,"",""
ukk3104-33000,Trevone Bay,33000,1988,"",Cornwall,"",England,189150,76010,50.54573665118223,-4.977469481015343,2026-05-15,2026-09-30,true,South West Water Limited,"",""
ukk3104-33100,Rock,33100,1988,2016,Cornwall,"",England,192770,75790,50.54505512525456,-4.926322991446153,2015-05-01,2015-09-30,true,South West Water Limited,"",""
ukk3104-33200,Daymer Bay,33200,1988,"",Cornwall,"",England,192830,77600,50.5613325702196,-4.926484246445725,2026-05-15,2026-09-30,false,South West Water Limited,"",""
ukk3104-33300,Polzeath,33300,1988,"",Cornwall,"",England,193600,79070,50.574807678958884,-4.916442737581546,2026-05-15,2026-09-30,true,South West Water Limited,"",""
ukk3104-33350,Trebarwith Strand,33350,2002,"",Cornwall,"",England,204850,86450,50.64496675477914,-4.761636038784498,2026-05-15,2026-09-30,true,South West Water Limited,"",""
ukk3104-33360,Crackington Haven,33360,2002,"",Cornwall,"",England,214270,96900,50.74192286553918,-4.633803990812524,2026-05-15,2026-09-30,true,South West Water Limited,"",""
ukk3104-33400,Widemouth Sand,33400,1988,"",Cornwall,"",England,219840,102400,50.793089011925076,-4.55763724415553,2026-05-15,2026-09-30,false,South West Water Limited,"",""
ukk3104-33500,Summerleaze,33500,1988,"",Cornwall,"",England,220380,106620,50.831168031253235,-4.552050639196887,2026-05-15,2026-09-30,true,South West Water Limited,"",""
ukk3104-33600,Crooklets,33600,1988,"",Cornwall,"",England,220260,107140,50.83580233992227,-4.554007949429832,2026-05-15,2026-09-30,true,South West Water Limited,"",""
ukk3104-33650,Northcott Mouth,33650,2018,"",Cornwall,"",England,220100,108500,50.847970518807266,-4.556945819111498,2026-05-15,2026-09-30,false,South West Water Limited,"",""
ukk3104-33700,Sandymouth,33700,1988,"",Cornwall,"",England,220160,109940,50.860925775452294,-4.556801840988395,2026-05-15,2026-09-30,false,South West Water Limited,"",""
ukk3105-30100,Perranuthnoe,30100,1988,"",Cornwall,"",England,153980,29250,50.11223580545538,-5.44249847946612,2026-05-15,2026-09-30,false,South West Water Limited,"",""
ukk3105-30200,Marazion,30200,1988,"",Cornwall,"",England,151317,30962,50.1264952951233,-5.480789644537383,2026-05-15,2026-09-30,true,South West Water Limited,"",""
ukk3105-30300,Long Rock,30300,1988,"",Cornwall,"",England,149565,31156,50.12751,-5.505328,2026-05-15,2026-09-30,true,South West Water Limited,"",""
ukk3105-30400,Penzance,30400,1988,"",Cornwall,"",England,147340,29830,50.11465387695735,-5.5355728915244,2026-05-15,2026-09-30,true,South West Water Limited,"",""
ukk3105-30500,Wherry Town,30500,1988,"",Cornwall,"",England,146643,29224,50.10891717077118,-5.544900667001265,2026-05-15,2026-09-30,true,South West Water Limited,"",""
ukk3105-30600,Porthcurno,30600,1988,"",Cornwall,"",England,138740,22250,50.04289896158366,-5.650440231086796,2026-05-15,2026-09-30,false,South West Water Limited,"",""
ukk3105-30700,Sennen,30700,1988,"",Cornwall,"",England,135560,26400,50.07874145122392,-5.697623804417832,2026-05-15,2026-09-30,false,South West Water Limited,"",""
ukk3105-30750,Gwynver,30750,2018,"",Cornwall,"",England,136240,27543,50.089302054564136,-5.688927671042629,2026-05-15,2026-09-30,false,South West Water Limited,"",""
ukk3105-30800,Porthmeor,30800,1988,"",Cornwall,"",England,151590,40840,50.21528489056019,-5.483423953578554,2026-05-15,2026-09-30,false,South West Water Limited,"",""
ukk3105-30900,Porthgwidden,30900,1988,"",Cornwall,"",England,152080,41030,50.217196038143136,-5.476692927688384,2026-05-15,2026-09-30,false,South West Water Limited,"",""
ukk3105-31000,Porthminster,31000,1988,"",Cornwall,"",England,152060,40080,50.20865951327619,-5.476352469666611,2026-05-15,2026-09-30,false,South West Water Limited,"",""
ukk3105-31100,Carbis Bay,31100,1988,"",Cornwall,"",England,152820,38940,50.198743487111486,-5.464979857926979,2026-05-15,2026-09-30,false,South West Water Limited,"",""
ukk3105-31200,Porthkidney Sands,31200,1988,"",Cornwall,"",England,154620,38340,50.19410570682622,-5.439418396508773,2026-05-15,2026-09-30,false,South West Water Limited,"",""
ukk3105-31250,Mexico Towans,31250,2018,"",Cornwall,"",England,155770,39060,50.20104507197195,-5.423798805885463,2026-05-15,2026-09-30,false,South West Water Limited,"",""
ukk3105-31300,Hayle Towans,31300,1988,"",Cornwall,"",England,156270,39450,50.20475243723058,-5.417055620258719,2026-05-15,2026-09-30,false,South West Water Limited,"",""
ukk3105-31350,Upton Towans,31350,2018,"",Cornwall,"",England,157332,40563,50.215181048375264,-5.402911509386382,2026-05-15,2026-09-30,false,South West Water Limited,"",""
ukk3105-31400,Gwithian Towans,31400,1988,"",Cornwall,"",England,158180,41950,50.22798045801165,-5.391930689924775,2026-05-15,2026-09-30,false,South West Water Limited,"",""
ukk3105-31450,Godrevy Towans,31450,2018,"",Cornwall,"",England,158194,42479,50.232735440965584,-5.392071943188155,2026-05-15,2026-09-30,false,South West Water Limited,"",""
ukk3106-27100,Readymoney Cove,27100,1988,"",Cornwall,"",England,211830,51080,50.32951544639139,-4.645214976125489,2026-05-15,2026-09-30,true,South West Water Limited,"",""
ukk3106-27200,Polkerris,27200,1988,"",Cornwall,"",England,209280,52100,50.33785853107068,-4.681518057926255,2026-05-15,2026-09-30,true,South West Water Limited,"",""
ukk3106-27300,Par Sands,27300,1988,"",Cornwall,"",England,208510,53140,50.34695147768081,-4.692854628695517,2026-05-15,2026-09-30,true,South West Water Limited,"",""
ukk3106-27400,Shorthorn Beach,27400,1988,"",Cornwall,"",England,206330,52180,50.33761446482151,-4.722965713318486,2026-05-15,2026-09-30,true,South West Water Limited,"",""
ukk3106-27500,Crinnis Beach,27500,1988,"",Cornwall,"",England,205550,52040,50.33609981662796,-4.733841447922212,2026-05-15,2026-09-30,true,South West Water Limited,"",""
ukk3106-27600,Charlestown,27600,1988,"",Cornwall,"",England,204000,51550,50.33118443987883,-4.755341206910302,2026-05-15,2026-09-30,false,South West Water Limited,"",""
ukk3106-27700,Duporth,27700,1988,"",Cornwall,"",England,203520,51150,50.3274314014497,-4.761868907753872,2026-05-15,2026-09-30,false,South West Water Limited,"",""
ukk3106-27800,Porthpean,27800,1988,"",Cornwall,"",England,203230,50730,50.32356183624416,-4.765719191997011,2026-05-15,2026-09-30,true,South West Water Limited,"",""
ukk3106-27900,Pentewan,27900,1988,"",Cornwall,"",England,201880,46770,50.287537976881396,-4.782583402457527,2026-05-15,2026-09-30,false,South West Water Limited,"",""
ukk3106-28000,Polstreath,28000,1988,"",Cornwall,"",England,201710,45310,50.27436607251723,-4.78420121717727,2026-05-15,2026-09-30,false,South West Water Limited,"",""
ukk3106-28100,Portmellon,28100,1988,"",Cornwall,"",England,201560,43920,50.26182964398326,-4.785574720409609,2026-05-15,2026-09-30,true,South West Water Limited,"",""
ukk3106-28200,Gorran Haven Little Perhaver,28200,1988,"",Cornwall,"",England,201330,41590,50.24082249654092,-4.787575467256791,2026-05-15,2026-09-30,true,South West Water Limited,"",""
ukk3106-28300,Vault Beach,28300,1988,"",Cornwall,"",England,201300,40930,50.23488377867148,-4.787649664814819,2026-05-15,2026-09-30,false,South West Water Limited,"",""
ukk3106-28400,Porthluney,28400,1988,"",Cornwall,"",England,197340,41290,50.236773121760834,-4.843300092072096,2026-05-15,2026-09-30,true,South West Water Limited,"",""
ukk3106-32100,Crantock,32100,1988,"",Cornwall,"",England,178460,60980,50.40681791797864,-5.119221503916047,2026-05-15,2026-09-30,true,South West Water Limited,"",""
ukk3106-32150,Fistral South,32150,2018,"",Cornwall,"",England,179750,61743,50.41415464410884,-5.101542629662413,2026-05-15,2026-09-30,false,South West Water Limited,"",""
ukk3106-32200,Fistral North,32200,1988,"",Cornwall,"",England,179980,62130,50.41771612760746,-5.098537124652402,2026-05-15,2026-09-30,false,South West Water Limited,"",""
ukk3106-32300,Towan,32300,1988,"",Cornwall,"",England,180977,61791,50.4150444662613,-5.084326471601593,2026-05-15,2026-09-30,false,South West Water Limited,"",""
ukk3106-32310,Great Western,32310,1996,"",Cornwall,"",England,181530,61870,50.41595984701269,-5.076600418961373,2026-05-15,2026-09-30,false,South West Water Limited,"",""
ukk3106-32320,Tolcarne,32320,1996,"",Cornwall,"",England,181760,62050,50.41766180364849,-5.073472516392133,2026-05-15,2026-09-30,false,South West Water Limited,"",""
ukk3106-32330,Lusty Glaze,32330,1996,"",Cornwall,"",England,182380,62480,50.421753411210396,-5.065007625612633,2026-05-15,2026-09-30,false,South West Water Limited,"",""
ukk3106-32340,Porth,32340,1996,"",Cornwall,"",England,182960,62780,50.42466218851614,-5.05702836579692,2026-05-15,2026-09-30,true,South West Water Limited,"",""
ukk3106-32400,Watergate Bay,32400,1988,"",Cornwall,"",England,184070,64860,50.44375094456302,-5.042622328517265,2026-05-15,2026-09-30,false,South West Water Limited,"",""
ukk3106-32500,Mawgan Porth,32500,1988,"",Cornwall,"",England,184830,67470,50.46746945104093,-5.033433876076066,2026-05-15,2026-09-30,true,South West Water Limited,"",""
ukk4100-26400,Plymouth Hoe East,26400,1988,"",City of Plymouth,"",England,247830,53750,50.36391544289469,-4.140895275468601,2026-05-15,2026-09-30,true,South West Water Limited,"",""
ukk4100-26500,Plymouth Hoe West,26500,1988,"",City of Plymouth,"",England,247500,53770,50.36400976974736,-4.14553973374772,2026-05-15,2026-09-30,true,South West Water Limited,"",""
ukk4100-26510,Plymouth Firestone Bay,26510,2023,"",City of Plymouth,"",England,246373,53436,50.36071493547671,-4.161237326373048,2026-05-15,2026-09-30,false,South West Water Limited,"",""
ukk4200-23100,Maidencombe,23100,1988,"",Torbay,"",England,292780,68500,50.506435151413704,-3.513388073103245,2026-05-15,2026-09-30,false,South West Water Limited,"",""
ukk4200-23200,Watcombe,23200,1988,"",Torbay,"",England,292620,67300,50.49561770972719,-3.515298325303885,2026-05-15,2026-09-30,false,South West Water Limited,"",""
ukk4200-23300,Oddicombe,23300,1988,"",Torbay,"",England,292619,65835,50.482447025805186,-3.514891159043062,2026-05-15,2026-09-30,false,South West Water Limited,"",""
ukk4200-23400,Babbacombe,23400,1988,"",Torbay,"",England,293000,65450,50.4790555378573,-3.509412650912728,2026-05-15,2026-09-30,false,South West Water Limited,"",""
ukk4200-23501,Anstey's Cove (Torquay),23501,2004,"",Torbay,"",England,293574,64634,50.47182407170853,-3.501093359202774,2026-05-15,2026-09-30,false,South West Water Limited,"",""
ukk4200-23600,Meadfoot,23600,1988,"",Torbay,"",England,292964,63007,50.45708599356928,-3.509220494924685,2026-05-15,2026-09-30,false,South West Water Limited,"",""
ukk4200-23700,Beacon Cove,23700,1988,"",Torbay,"",England,291950,63070,50.45746639794916,-3.523518070527209,2026-05-15,2026-09-30,false,South West Water Limited,"",""
ukk4200-23800,Torre Abbey,23800,1988,"",Torbay,"",England,291076,63641,50.462437951767605,-3.535992499539414,2026-05-15,2026-09-30,true,South West Water Limited,"",""
ukk4200-23900,Hollicombe,23900,1988,"",Torbay,"",England,289800,62150,50.44879532733753,-3.553524388097443,2026-05-15,2026-09-30,false,South West Water Limited,"",""
ukk4200-24000,Paignton Preston Sands,24000,1988,"",Torbay,"",England,289600,61670,50.44444250761605,-3.55619878157936,2026-05-15,2026-09-30,true,South West Water Limited,"",""
ukk4200-24100,Paignton Paignton Sands,24100,1988,"",Torbay,"",England,289390,60630,50.43505334594111,-3.558848075399885,2026-05-15,2026-09-30,true,South West Water Limited,"",""
ukk4200-24200,Goodrington,24200,1988,"",Torbay,"",England,289317,59350,50.42353233707098,-3.559497533654101,2026-05-15,2026-09-30,true,South West Water Limited,"",""
ukk4200-24300,Broadsands,24300,1988,"",Torbay,"",England,289642,57393,50.405999875047776,-3.554348268729958,2026-05-15,2026-09-30,false,South West Water Limited,"",""
ukk4200-24500,Breakwater Beach (Shoalstone),24500,1988,"",Torbay,"",England,293170,56660,50.40006254076284,-3.504510070091992,2026-05-15,2026-09-30,false,South West Water Limited,"",""
ukk4200-24600,St Mary's Bay (Devon),24600,1988,"",Torbay,"",England,293200,55010,50.385234188764414,-3.503618601249454,2026-05-15,2026-09-30,false,South West Water Limited,"",""
ukk4301-21600,Seaton (Devon),21600,1988,"",East Devon,"",England,324500,89850,50.70335620945877,-3.070515206918154,2026-05-15,2026-09-30,true,South West Water Limited,"",""
ukk4301-21700,Beer,21700,1988,"",East Devon,"",England,323121,89111,50.696530777851144,-3.08988548959849,2026-05-15,2026-09-30,true,South West Water Limited,"",""
ukk4301-21800,Sidmouth Town,21800,1988,"",East Devon,"",England,312267,87019,50.67618469413079,-3.243033974073603,2026-05-15,2026-09-30,true,South West Water Limited,"",""
ukk4301-21900,Sidmouth Jacobs Ladder,21900,1988,"",East Devon,"",England,311920,86921,50.67525114254649,-3.247920430683992,2026-05-15,2026-09-30,false,South West Water Limited,"",""
ukk4301-22000,Ladram Bay,22000,1988,"",East Devon,"",England,309653,85106,50.65858520679001,-3.279552270381738,2026-05-15,2026-09-30,true,South West Water Limited,"",""
ukk4301-22100,Budleigh Salterton,22100,1988,"",East Devon,"",England,306860,81900,50.62932092648733,-3.318248600635247,2026-05-15,2026-09-30,true,South West Water Limited,"",""
ukk4301-22200,Sandy Bay,22200,1988,"",East Devon,"",England,303300,79800,50.60986094240923,-3.368019840885045,2026-05-15,2026-09-30,true,South West Water Limited,"",""
ukk4301-22300,Exmouth,22300,1988,"",East Devon,"",England,300920,79980,50.61107934994528,-3.401693565122055,2026-05-15,2026-09-30,true,South West Water Limited,"",""
ukk4304-34000,Instow,34000,1988,2018,North Devon,"",England,247170,130440,51.05291022442781,-4.181937298687236,2017-05-01,2017-09-30,true,South West Water Limited,"",""
ukk4304-34100,Saunton Sands,34100,1988,"",North Devon,"",England,244550,137600,51.11654312335549,-4.222372667722457,2026-05-15,2026-09-30,false,South West Water Limited,"",""
ukk4304-34200,Croyde Bay,34200,1988,"",North Devon,"",England,243470,139300,51.13152405671773,-4.238529434699125,2026-05-15,2026-09-30,true,South West Water Limited,"",""
ukk4304-34300,Putsborough,34300,1988,"",North Devon,"",England,244750,140850,51.14580018961564,-4.220918668527864,2026-05-15,2026-09-30,false,South West Water Limited,"",""
ukk4304-34400,Woolacombe Village,34400,1988,"",North Devon,"",England,245620,143700,51.17164430892172,-4.209713896735271,2026-05-15,2026-09-30,true,South West Water Limited,"",""
ukk4304-34410,"Combesgate Beach, Woolacombe",34410,1999,"",North Devon,"",England,245450,144440,51.178247540612425,-4.212462095656805,2026-05-15,2026-09-30,true,South West Water Limited,"",""
ukk4304-34450,Ilfracombe Tunnels Beach,34450,1990,"",North Devon,"",England,251508,147845,51.21045139584133,-4.127266087534065,2026-05-15,2026-09-30,false,South West Water Limited,"",""
ukk4304-34500,Ilfracombe Wildersmouth,34500,1988,2020,North Devon,"",England,251909,147841,51.21051967477883,-4.121527670598697,2019-05-01,2019-09-30,true,South West Water Limited,"",""
ukk4304-34600,Ilfracombe Hele,34600,1988,"",North Devon,"",England,253602,147830,51.2108577557785,-4.097302527866871,2026-05-15,2026-09-30,true,South West Water Limited,"",""
ukk4304-34700,Combe Martin,34700,1988,"",North Devon,"",England,257720,147320,51.207316565673665,-4.038184203580404,2026-05-15,2026-09-30,true,South West Water Limited,"",""
ukk4304-34800,Lynmouth,34800,1988,"",North Devon,"",England,272713,149638,51.231690161017816,-3.824498121373426,2026-05-15,2026-09-30,true,South West Water Limited,"",""
ukk4305-24620,"Stoke Gabriel, Dart Estuary",24620,2024,"",South Hams,"",England,284754,56870,50.40036,-3.62295,2026-05-15,2026-09-30,false,South West Water Limited,"",""
ukk4305-24640,"Steamer Quay, Dart Estuary",24640,2024,"",South Hams,"",England,280854,59693,50.42496,-3.67869,2026-05-15,2026-09-30,false,South West Water Limited,"",""
ukk4305-24660,"Dittisham, Dart Estuary",24660,2024,"",South Hams,"",England,286545,55074,50.38456,-3.59721,2026-05-15,2026-09-30,false,South West Water Limited,"",""
ukk4305-24680,"Warfleet Creek, Dart Estuary",24680,2024,"",South Hams,"",England,288136,50363,50.34251,-3.57344,2026-05-15,2026-09-30,false,South West Water Limited,"",""
ukk4305-24700,Dartmouth Castle Cove,24700,1988,"",South Hams,"",England,288700,50300,50.342055424936,-3.565498917213719,2026-05-15,2026-09-30,false,South West Water Limited,"",""
ukk4305-24800,Blackpool Sands,24800,1988,"",South Hams,"",England,285500,47850,50.3194159836367,-3.60970754285821,2026-05-15,2026-09-30,false,South West Water Limited,"",""
ukk4305-24900,Slapton Sands Monument,24900,1988,"",South Hams,"",England,282900,44180,50.28591183040938,-3.645075514028272,2026-05-15,2026-09-30,false,South West Water Limited,"",""
ukk4305-25000,Slapton Sands Torcross,25000,1988,"",South Hams,"",England,282350,42000,50.26620429944796,-3.652114272074961,2026-05-15,2026-09-30,false,South West Water Limited,"",""
ukk4305-25100,Mill Bay,25100,1988,"",South Hams,"",England,274070,38160,50.22997707533169,-3.766960112097832,2026-05-15,2026-09-30,false,South West Water Limited,"",""
ukk4305-25200,Salcombe North Sands,25200,1988,"",South Hams,"",England,273100,38200,50.23012909971451,-3.780566590690735,2026-05-15,2026-09-30,true,South West Water Limited,"",""
ukk4305-25300,Salcombe South Sands,25300,1988,"",South Hams,"",England,272850,37750,50.22603027118593,-3.783918780827058,2026-05-15,2026-09-30,true,South West Water Limited,"",""
ukk4305-25400,Hope Cove,25400,1988,"",South Hams,"",England,267532,39726,50.24262410687842,-3.859125090603487,2026-05-15,2026-09-30,true,South West Water Limited,"",""
ukk4305-25500,Thurlestone South,25500,1988,"",South Hams,"",England,267650,41700,50.260394427262284,-3.858161252047522,2026-05-15,2026-09-30,false,South West Water Limited,"",""
ukk4305-25600,Thurlestone North,25600,1988,"",South Hams,"",England,267400,42100,50.26393386441149,-3.861806883994573,2026-05-15,2026-09-30,false,South West Water Limited,"",""
ukk4305-25700,Bantham,25700,1988,"",South Hams,"",England,266230,43800,50.27895078225824,-3.878814815030624,2026-05-15,2026-09-30,true,South West Water Limited,"",""
ukk4305-25800,Bigbury-on-Sea South,25800,1988,"",South Hams,"",England,265080,44130,50.28165534771269,-3.895063665552046,2026-05-15,2026-09-30,true,South West Water Limited,"",""
ukk4305-25900,Bigbury-on-Sea North,25900,1988,"",South Hams,"",England,264950,44300,50.28315367563654,-3.896948022486347,2026-05-15,2026-09-30,false,South West Water Limited,"",""
ukk4305-26000,Challaborough,26000,1988,"",South Hams,"",England,264920,44800,50.287641076129326,-3.897547609135589,2026-05-15,2026-09-30,false,South West Water Limited,"",""
ukk4305-26050,"Coastguards Beach, Erme Estuary",26050,2024,"",South Hams,"",England,261469,47606,50.31206,-3.94699,2026-05-15,2026-09-30,false,South West Water Limited,"",""
ukk4305-26100,Mothecombe,26100,1988,"",South Hams,"",England,261050,47340,50.30957285877536,-3.952775115720852,2026-05-15,2026-09-30,true,South West Water Limited,"",""
ukk4305-26200,Wembury,26200,1988,"",South Hams,"",England,251650,48530,50.317977901348236,-4.085168112667163,2026-05-15,2026-09-30,true,South West Water Limited,"",""
ukk4305-26300,Bovisand,26300,1988,"",South Hams,"",England,249260,50550,50.33552516436526,-4.11952288011347,2026-05-15,2026-09-30,false,South West Water Limited,"",""
ukk4306-22400,Dawlish Warren,22400,1988,"",Teignbridge,"",England,298260,78760,50.5996530157733,-3.438940914543866,2026-05-15,2026-09-30,false,South West Water Limited,"",""
ukk4306-22500,Dawlish Town,22500,1988,"",Teignbridge,"",England,296467,76705,50.580862932698885,-3.463693984082954,2026-05-15,2026-09-30,true,South West Water Limited,"",""
ukk4306-22600,Dawlish Coryton Cove,22600,1988,"",Teignbridge,"",England,296110,76040,50.57482114899544,-3.468548647670714,2026-05-15,2026-09-30,false,South West Water Limited,"",""
ukk4306-22700,Teignmouth Holcombe,22700,1988,"",Teignbridge,"",England,295650,74610,50.56188347018894,-3.47464131412136,2026-05-15,2026-09-30,true,South West Water Limited,"",""
ukk4306-22800,Teignmouth Town,22800,1988,"",Teignbridge,"",England,294280,72800,50.545365262332695,-3.493462511562593,2026-05-15,2026-09-30,true,South West Water Limited,"",""
ukk4306-22900,Shaldon,22900,1988,"",Teignbridge,"",England,293636,72196,50.539818591210306,-3.502375831944526,2026-05-15,2026-09-30,true,South West Water Limited,"",""
ukk4306-23000,Ness Cove,23000,1988,"",Teignbridge,"",England,293925,71776,50.53609536432295,-3.498179275537058,2026-05-15,2026-09-30,false,South West Water Limited,"",""
ukk4307-33800,Hartland Quay,33800,1988,"",Torridge,"",England,222300,124850,50.995535183450286,-4.533694568865084,2026-05-15,2026-09-30,false,South West Water Limited,"",""
ukk4307-33900,Westward Ho!,33900,1988,"",Torridge,"",England,243338,129537,51.0437632688899,-4.236176438537621,2026-05-15,2026-09-30,false,South West Water Limited,"",""
